00a8e72cfc9075e647b447a8cc4d4709302156f0, 130.0600, FALSE, Pass, Thu Jan 15 11:50:56 UTC 2026
02a87885e64c4f911aaefc04b2099cfb780ef720, 0, FALSE, NoSummary, Thu Jan 15 11:51:33 UTC 2026
03cd525ffaa301822ebdf96e95e0ffe19474f07d, 0, FALSE, NoSummary, Thu Jan 15 11:52:10 UTC 2026
05aed4cab97659f748db309ae5edf79e91366634, 1.8080, FALSE, Pass, Thu Jan 15 11:52:46 UTC 2026
063de675e0e20a0d060ffc6f7f5f7b074043344a, 0.0110, FALSE, Pass, Thu Jan 15 11:53:23 UTC 2026
068051e378ceaea85a7fb011f1271587a17bd0e7, 0.5800, FALSE, Pass, Thu Jan 15 11:53:58 UTC 2026
0777dc7896365ff50ac402c8f65cbc826aa34c69, 0.0200, FALSE, Pass, Thu Jan 15 11:54:34 UTC 2026
07b292af5e86459e435da5986f87bc4f7415d437, 0.0260, FALSE, Pass, Thu Jan 15 11:55:10 UTC 2026
09e0d338f5504f7ba82c9500effde0dc4e3f9509, 0.4150, FALSE, Pass, Thu Jan 15 11:55:46 UTC 2026
0a12f380e8999dd01c2f30993c9522d4b8606f09, 210.4710, TRUE, Score_Exceeded, Thu Jan 15 11:56:22 UTC 2026
0a8e5469578036fc2e1cec9549d2b058510e2795, 350.1300, TRUE, Score_Exceeded, Thu Jan 15 11:56:59 UTC 2026
0b34396924eca4edc524469886dc5be6c77ec4ed, 0, FALSE, NoSummary, Thu Jan 15 11:57:36 UTC 2026
0e1de78fca849c135fd00cd85b5b87920e46e50d, 430.0780, TRUE, Score_Exceeded, Thu Jan 15 11:58:12 UTC 2026
0e5a4a27ea49da6423513ff749093ccf1582171d, 0.0200, FALSE, Pass, Thu Jan 15 11:58:48 UTC 2026
104b2076027fd5b0adb5742a9a2930afe180e412, 0, FALSE, NoSummary, Thu Jan 15 11:59:24 UTC 2026
12b611b374ef5f9ee2472b560a2fc3e5cc6c2dba, 0.1710, FALSE, Pass, Thu Jan 15 11:59:59 UTC 2026
12fd7524435885b99790e5d945bc9db7f2b2b6fd, 0, FALSE, NoSummary, Thu Jan 15 12:00:36 UTC 2026
131d95f203351b19f307072e6582fda91e149580, 0, FALSE, NoSummary, Thu Jan 15 12:01:12 UTC 2026
13401f8bc1cd6ab2905f406227fb9d762d78247e, 0.0100, FALSE, Pass, Thu Jan 15 12:01:48 UTC 2026
13bd3643c25c708599d49bd2a2081d0b38c467a0, 0.1080, FALSE, Pass, Thu Jan 15 12:02:24 UTC 2026
13d227fa466e5a597e6fc7fa8fd6df5097d5da5d, 0.0700, FALSE, Pass, Thu Jan 15 12:03:02 UTC 2026
14b1edfd994991d22c2b766031f77c045b95c995, 0.6140, FALSE, Pass, Thu Jan 15 12:03:37 UTC 2026
14e4a9835af2bb7df8c42cfb850bd19708cd73d0, 0.0020, FALSE, Pass, Thu Jan 15 12:04:15 UTC 2026
165afc5f2a2bc8ef18af85a6e5cb345c7af614ec, 1.6760, FALSE, Pass, Thu Jan 15 12:04:51 UTC 2026
1aa633d61bc22ad5f8865977ac9e5ec581c6f3c2, 0.2840, FALSE, Pass, Thu Jan 15 12:05:28 UTC 2026
1c7eb0ad373a21a0610ba484cc0d5054e1f1aab0, 0, FALSE, NoSummary, Thu Jan 15 12:06:05 UTC 2026
1e8dc1da0de0add40d56fcbab9b64a3c5e61b6dd, 1.1090, FALSE, Pass, Thu Jan 15 12:06:42 UTC 2026
1f00c951c27f0332fd8e703beaf9e28cb404a0b4, 1.1710, FALSE, Pass, Thu Jan 15 12:07:17 UTC 2026
20214b26a4136836904e9231ac23508f15fca3b8, 650.2710, TRUE, Score_Exceeded, Thu Jan 15 12:07:54 UTC 2026
23e980e77a8e3d9e1f1f0a108106f3648c7b674a, 0.2360, FALSE, Pass, Thu Jan 15 12:08:30 UTC 2026
24c85cc36807a354361bdf273dad4f48eaa5ffca, 0, FALSE, NoSummary, Thu Jan 15 12:09:07 UTC 2026
24f6d08b3f2d9de06fabdab980a06d62229a2b2f, 380.0750, TRUE, Score_Exceeded, Thu Jan 15 12:09:43 UTC 2026
26a2dcb936aa10eee5988dc9af2ec0b8631b6f4f, 0.3090, FALSE, Pass, Thu Jan 15 12:10:19 UTC 2026
26ef28467aaaf13f7eabd90d2806f74be1197e22, 150.0640, TRUE, High_Count_Exceeded, Thu Jan 15 12:10:56 UTC 2026
27a8e3b04e645e0c614c597668355e9bc945c408, 0, FALSE, NoSummary, Thu Jan 15 12:11:33 UTC 2026
284ef21ea000f18d1eaac374679e0d0561f7bef8, 0.0050, FALSE, Pass, Thu Jan 15 12:12:09 UTC 2026
28976a9003c6dd5cdd7225c5bc90743b4fcde13c, 180.1210, TRUE, High_Count_Exceeded, Thu Jan 15 12:12:45 UTC 2026
293a68afdf68789dc1f39f5eba0e4eaa628b950c, 0.0110, FALSE, Pass, Thu Jan 15 12:13:22 UTC 2026
29e6245a05f414159932f71d971793df34566dfe, 0, FALSE, NoSummary, Thu Jan 15 12:13:57 UTC 2026
2b88db90aad82574541edae6329ef24053fb4188, 0.2160, FALSE, Pass, Thu Jan 15 12:14:31 UTC 2026
2bce71b5ff98766a3dd64c36af8f3c1bdb54670b, 220.0650, TRUE, Score_Exceeded, Thu Jan 15 12:15:06 UTC 2026
2c5b51ad26b6129e161c2373fb48571648fc1393, 0, FALSE, NoSummary, Thu Jan 15 12:15:40 UTC 2026
2d1bb42cba2258e229235be00d382476e2ee6049, 0, FALSE, NoSummary, Thu Jan 15 12:16:16 UTC 2026
2dd4cca36337cd66443b9835ad493407803d6cc2, 0.0140, FALSE, Pass, Thu Jan 15 12:16:53 UTC 2026
2ec78d262d06e8097e12278bd10c4c0216f4d1c9, 1355.7930, TRUE, Score_Exceeded, Thu Jan 15 12:17:30 UTC 2026
2f34f6f0b98cc7de1a9b4fafe06e62703be5b0af, 0.5240, FALSE, Pass, Thu Jan 15 12:18:07 UTC 2026
31227f4faf8c3bfce92ec458f37485d6bdb2dc62, 90.8900, FALSE, Pass, Thu Jan 15 12:18:44 UTC 2026
323be4d6993faf02bf89382f06f04f0d0f9a70c9, 1923.0020, TRUE, Score_Exceeded, Thu Jan 15 12:19:21 UTC 2026
3264deb24e3b01ad7b2777bc68b9d91f0f41aa3b, 160.2370, TRUE, High_Count_Exceeded, Thu Jan 15 12:19:57 UTC 2026
32f44da5100607055d9f6362f42f0c22f1a26533, 0, FALSE, NoSummary, Thu Jan 15 12:20:33 UTC 2026
33ea432585fa3d7ca3da1de98b64e7267110ad4b, 100.0400, FALSE, Pass, Thu Jan 15 12:21:10 UTC 2026
33fc0fbfae1c048b8b313baa13bdc78cbd2e763a, 4487.1280, TRUE, Score_Exceeded, Thu Jan 15 12:21:47 UTC 2026
36c3cec6d17222eadea5e07a982791a45e3d0ec4, 0, FALSE, NoSummary, Thu Jan 15 12:22:23 UTC 2026
3788a055fee9041860d422d2d93e42677552bceb, 420.1980, TRUE, Score_Exceeded, Thu Jan 15 12:23:00 UTC 2026
38f02349462d5aefa9b25386a130ebd67db1a4de, 0, FALSE, NoSummary, Thu Jan 15 12:23:37 UTC 2026
3a08819f5169f9702cde680acb6bf0c75fa70ffb, 0, FALSE, NoSummary, Thu Jan 15 12:24:13 UTC 2026
3a2669e8aea6723a7a3fb9daf0ea888435df9191, 0, FALSE, NoSummary, Thu Jan 15 12:24:49 UTC 2026
3a3cacfefabf8ced79b448169319ce49cca2bfb7, 90.4800, FALSE, Pass, Thu Jan 15 12:25:26 UTC 2026
3b1b1d14869c88d45f43fd4c333b9d1f54295fa9, 0, FALSE, NoSummary, Thu Jan 15 12:26:03 UTC 2026
3b3d16f7488063f0d2ee7d5cfaeba736169046de, 140.0500, FALSE, Pass, Thu Jan 15 12:26:40 UTC 2026
3c0fd2520128a69a7d5826e18a2b834fb2bcef3d, 120.0240, FALSE, Pass, Thu Jan 15 12:27:16 UTC 2026
3c2ea1ea9516724a361f38ffd2fdfb13aa0b041a, 0, FALSE, NoSummary, Thu Jan 15 12:27:52 UTC 2026
3c8d15f8c3e3aca887555e3509e9c6fe4205ae1e, 0, FALSE, NoSummary, Thu Jan 15 12:28:28 UTC 2026
3c9f5954b5ce0f393d972f1ae4a8376c3dc42bf3, 30.0000, FALSE, Pass, Thu Jan 15 12:29:05 UTC 2026
3f725b8619ad9ae9eb129e760a47e635972be3ee, 0, FALSE, NoSummary, Thu Jan 15 12:29:42 UTC 2026
3fc7ef8f817b746208560947a3806ecf7346ec1e, 0, FALSE, NoSummary, Thu Jan 15 12:30:18 UTC 2026
3fcddfb61f903d7112da186cba8b1c93a99dc87f, 0, FALSE, NoSummary, Thu Jan 15 12:30:54 UTC 2026
438cfed70a203c8b708e6df200d1ad82c87f2901, 0, FALSE, NoSummary, Thu Jan 15 12:31:31 UTC 2026
44352beefa601212b9ed211c030b2f96079525af, 240.0370, TRUE, Score_Exceeded, Thu Jan 15 12:32:06 UTC 2026
447ce11a64bbcb79b0336a0940c2fb62993e7586, 0, FALSE, NoSummary, Thu Jan 15 12:32:43 UTC 2026
4581d43230fab23600b90f731edb0472dbea1c4d, 0.1520, FALSE, Pass, Thu Jan 15 12:33:19 UTC 2026
45a35a79c761766d46b3d97169cf62969e2c9ff4, 0.0320, FALSE, Pass, Thu Jan 15 12:33:55 UTC 2026
472d8a0df5b103a7325f4b7f21eb88b996104658, 60.0050, FALSE, Pass, Thu Jan 15 12:34:33 UTC 2026
4730563e93152cac9b840d1768b35d8ce14b2f1f, 0, FALSE, NoSummary, Thu Jan 15 12:35:08 UTC 2026
492021db95288be2095ec7f1db2ee043fac3c2d9, 0.3350, FALSE, Pass, Thu Jan 15 12:35:45 UTC 2026
493e31e3ad299c99cbb96b8581b7598b19b23892, 0.0790, FALSE, Pass, Thu Jan 15 12:36:20 UTC 2026
4979cf02ff83e90ced80db5111452a4c3e082c3a, 0, FALSE, NoSummary, Thu Jan 15 12:36:56 UTC 2026
4a265554aeed885bfba42d425024d34cbb779a8c, 0.0200, FALSE, Pass, Thu Jan 15 12:37:32 UTC 2026
4aa25d042cff5ba63f244a752887bf4be369c937, 210.1010, TRUE, Score_Exceeded, Thu Jan 15 12:38:09 UTC 2026
4b29be3f36b05c4e2479a80712f2c73f216ae031, 0.1820, FALSE, Pass, Thu Jan 15 12:38:45 UTC 2026
4cae66f5e803c527c4e6141c06b94670162eca2c, 80.0350, FALSE, Pass, Thu Jan 15 12:39:21 UTC 2026
4cae99e785ee3302adc37144f07f737b9b7bfc7d, 480.4450, TRUE, Score_Exceeded, Thu Jan 15 12:39:58 UTC 2026
4cb5ad85a5e9669f878f4493e5a08eac4f0e0142, 0.1130, FALSE, Pass, Thu Jan 15 12:40:33 UTC 2026
4dd8b1faa956423d01a7b3aa8ca715d3ea4c10a0, 0, FALSE, NoSummary, Thu Jan 15 12:41:10 UTC 2026
4df037962dd446a4a686e2b6d56d5367b6c9f0db, 390.6450, TRUE, Score_Exceeded, Thu Jan 15 12:41:47 UTC 2026
4e3be944fc9abd9b9638ad17589ff3c916394883, 0, FALSE, NoSummary, Thu Jan 15 12:42:23 UTC 2026
4f8cdc2a1ea53e42955af758aabffee67cb455dd, 0, FALSE, NoSummary, Thu Jan 15 12:43:00 UTC 2026
50569a906c29ea4f2348f88888ff71bca4afb47b, 100.2330, FALSE, Pass, Thu Jan 15 12:43:37 UTC 2026
5066e6e9cdd5f8dcb5451d4b5432d9ddbf3364de, 0.0420, FALSE, Pass, Thu Jan 15 12:44:13 UTC 2026
50b8b997636a334e4a9a0f2e502afefdab36f0a8, 0, FALSE, NoSummary, Thu Jan 15 12:44:49 UTC 2026
50d6fe8c4beba95ea5572e7da98a7d4e6518a05a, 470.2830, TRUE, Score_Exceeded, Thu Jan 15 12:45:24 UTC 2026
518983835006dc670cc8dd210293fe608fb909a9, 0, FALSE, NoSummary, Thu Jan 15 12:46:01 UTC 2026
52e12d8bac139709c5b9791d90d791ae492a9244, 0.1520, FALSE, Pass, Thu Jan 15 12:46:37 UTC 2026
5358bd7cdd9655feabfea98032e6de72dbd5aeca, 2311.6080, TRUE, Score_Exceeded, Thu Jan 15 12:47:14 UTC 2026
54038811c00e84f1ad5ed5b62f9e96032f5a77df, 1040.2270, TRUE, Score_Exceeded, Thu Jan 15 12:47:52 UTC 2026
56169112e3b55e1776091964b4e510c0e1fe7110, 170.1030, TRUE, High_Count_Exceeded, Thu Jan 15 12:48:28 UTC 2026
569584d46347dd29120e5e59cbcd7b62ae7e901f, 40.0110, FALSE, Pass, Thu Jan 15 12:49:05 UTC 2026
58edea7385785368e0f7503fdb6f985932933c96, 0.0150, FALSE, Pass, Thu Jan 15 12:49:42 UTC 2026
5a3534f9b5f4e49c7e59f168250e78d0ea6abfa6, 0, FALSE, NoSummary, Thu Jan 15 12:50:17 UTC 2026
5b0c6a8255af2d0e4921fa60d631bb3857724cb6, 30.0570, FALSE, Pass, Thu Jan 15 12:50:52 UTC 2026
5b1fe925f214bdf7eee8dd4f35380559d8a85c5c, 0, FALSE, NoSummary, Thu Jan 15 12:51:30 UTC 2026
5b9fc465239036b378a39cbebf3706a2db74dd32, 0, FALSE, NoSummary, Thu Jan 15 12:52:06 UTC 2026
5dc631d880eea750d394651d70822ffabe13caae, 0, FALSE, NoSummary, Thu Jan 15 12:52:43 UTC 2026
5eac99c3128ab1e94bee61368c1929f0ca09497c, 270.5450, TRUE, Score_Exceeded, Thu Jan 15 12:53:18 UTC 2026
5f28bd96dbe67e5d924d5bbab3ada5618ec52490, 0, FALSE, NoSummary, Thu Jan 15 12:53:55 UTC 2026
5f7d7ce8b05c99725ef90651a977fe768fd0c305, 0, FALSE, NoSummary, Thu Jan 15 12:54:32 UTC 2026
5fdaa53d20c82c99042e79b737fb9bc157a73d60, 150.0300, TRUE, High_Count_Exceeded, Thu Jan 15 12:55:10 UTC 2026
6016973ac01b8b85a0361f885212b83443187304, 0.1670, FALSE, Pass, Thu Jan 15 12:55:46 UTC 2026
60e1582ddb4247195d2fbe1b52968e393103d865, 0, FALSE, NoSummary, Thu Jan 15 12:56:23 UTC 2026
60e9e630bd2e8afce5dd890cceb68f6e4323bdf8, 120.0590, FALSE, Pass, Thu Jan 15 12:57:00 UTC 2026
60f22ca830c59a630b4156b112f5e73ce75adc64, 0, FALSE, NoSummary, Thu Jan 15 12:57:35 UTC 2026
610eb26c112aaffa434fb978cbd62786c43a1155, 0.0420, FALSE, Pass, Thu Jan 15 12:58:11 UTC 2026
611c950293ae34dcef148ec62c9dd9626d7dc9e3, 0.1760, FALSE, Pass, Thu Jan 15 12:58:47 UTC 2026
617909e943be0691ac9179aa1e6664937a4ca255, 0, FALSE, NoSummary, Thu Jan 15 12:59:24 UTC 2026
62153b3b2fdd96086c0eaa1735793b2ef8bb311c, 0.1050, FALSE, Pass, Thu Jan 15 13:00:00 UTC 2026
62419c01db4499e52ddcb689726cfa732a9736a6, 640.7400, TRUE, Score_Exceeded, Thu Jan 15 13:00:36 UTC 2026
6263823e5435ee8dd9b7df0760f9b48f66fb6afe, 0.0310, FALSE, Pass, Thu Jan 15 13:01:13 UTC 2026
628c0dea1b12ae28ce44a8cfa638dc784fe1bb2b, 100.1670, FALSE, Pass, Thu Jan 15 13:01:49 UTC 2026
6437d07b0371047e62c26e88e66bd4df0e2b94ba, 0.0060, FALSE, Pass, Thu Jan 15 13:02:25 UTC 2026
65a87cb77352b1f3c408148e0cdc9911aefad90c, 0, FALSE, NoSummary, Thu Jan 15 13:03:02 UTC 2026
676f27acb0e2a61e96778bccfa1116e3f7eedaaf, 240.2890, TRUE, Score_Exceeded, Thu Jan 15 13:03:38 UTC 2026
685409139b755e4ba8686b21a71ac11e060ddbaa, 0, FALSE, NoSummary, Thu Jan 15 13:04:14 UTC 2026
690ef36330b192ed29d8c24d08a24d6d5cfd40a4, 0, FALSE, NoSummary, Thu Jan 15 13:04:50 UTC 2026
69b480cb7a9c804b59406cc134951af5b52d8ea6, 280.1130, TRUE, Score_Exceeded, Thu Jan 15 13:05:26 UTC 2026
69b7137d329cf328f934ba8ecf5b3dac2314cb68, 170.0200, TRUE, High_Count_Exceeded, Thu Jan 15 13:06:02 UTC 2026
6a11d458bee7ac611ce8acdd42259fccbff4c197, 260.0110, TRUE, Score_Exceeded, Thu Jan 15 13:06:39 UTC 2026
6c5e263d7bd581767d36a7d84a4124c38713db3c, 0, FALSE, NoSummary, Thu Jan 15 13:07:15 UTC 2026
6c6489280c0afd0d45dc01855e5f68052fb4cbd7, 0.0030, FALSE, Pass, Thu Jan 15 13:07:51 UTC 2026
6ceadfb5805369f896f0f137c30a4f7210198ff3, 0.4610, FALSE, Pass, Thu Jan 15 13:08:27 UTC 2026
6df42df2917622cfe791b0f563fa82053965820f, 0, FALSE, NoSummary, Thu Jan 15 13:09:03 UTC 2026
6f0ddc9d928b0462618adb24f17f7e00e086cb5a, 0.1080, FALSE, Pass, Thu Jan 15 13:09:40 UTC 2026
7010f41c9671d0a424459be33619b08bdc49838a, 20.0790, FALSE, Pass, Thu Jan 15 13:10:16 UTC 2026
71676513ddd125af03926b60748bf7eae5689f67, 600.2330, TRUE, Score_Exceeded, Thu Jan 15 13:10:51 UTC 2026
71f31da66f26f38f87dbc435779d3b53cbba8aec, 0, FALSE, NoSummary, Thu Jan 15 13:11:26 UTC 2026
731f2dc5c7a6271708a6a79fccf91dda0da74804, 0, FALSE, NoSummary, Thu Jan 15 13:12:02 UTC 2026
74609d44cda59333be07914354dd0315f9892d17, 30.0190, FALSE, Pass, Thu Jan 15 13:12:39 UTC 2026
74a6e48a3d2a86402cd653eb9e6626fdb78fedd8, 0.1160, FALSE, Pass, Thu Jan 15 13:13:16 UTC 2026
763827c98144fa83b4fc50eb4cae7ec4d63e7925, 0, FALSE, NoSummary, Thu Jan 15 13:13:52 UTC 2026
76415fa2cf37012955ef21a6cfb1631c8737a68d, 30.0070, FALSE, Pass, Thu Jan 15 13:14:27 UTC 2026
76adbf6ff01c566c01d9c8530a19a83f0f2c059f, 0, FALSE, NoSummary, Thu Jan 15 13:15:03 UTC 2026
76d179c64f54c75ef54a4113f3d2dc7bd0b54abe, 0, FALSE, NoSummary, Thu Jan 15 13:15:39 UTC 2026
772564fc9e7a4415c79ef47486db1aacf9cb8915, 200.1000, TRUE, Score_Exceeded, Thu Jan 15 13:16:16 UTC 2026
799c5e5f51a2663ed88f7d77a4309b4a1592f86d, 50.0270, FALSE, Pass, Thu Jan 15 13:16:52 UTC 2026
7b070423b8e20cf14a9ab80dfa7bea5ba88c54a3, 141.0540, FALSE, Pass, Thu Jan 15 13:17:28 UTC 2026
7b69183a8d556f6a624b97c93b59e69e55fb9934, 0.6890, FALSE, Pass, Thu Jan 15 13:18:03 UTC 2026
7c9f41b52b3a664c07581c83f9256fbedb798dfe, 0, FALSE, NoSummary, Thu Jan 15 13:18:39 UTC 2026
7ca0b84af6129aaa1be4d78cf83222cfbd47966b, 50.0200, FALSE, Pass, Thu Jan 15 13:19:16 UTC 2026
7d3545cb162dd964131f34ff599ef67759a3671d, 0.6330, FALSE, Pass, Thu Jan 15 13:19:53 UTC 2026
7f0a7f0a69318788edeca5a55ce05e278fdaa90b, 50.0210, FALSE, Pass, Thu Jan 15 13:20:31 UTC 2026
8038eb3147ad1c528a58142464584ada376936ee, 0, FALSE, NoSummary, Thu Jan 15 13:21:07 UTC 2026
804110a487f048669aa9d9412e5789ec43f4fe39, 122.3960, FALSE, Pass, Thu Jan 15 13:21:44 UTC 2026
806459f481cdd0c43aeb9ba37f16154414cf5ca9, 0.4400, FALSE, Pass, Thu Jan 15 13:22:20 UTC 2026
80965154324a931a6664ad13fcc0f7aa49efc6cd, 50.0010, FALSE, Pass, Thu Jan 15 13:22:56 UTC 2026
80be2cc29111b31e316c47529b21c7a9efc61651, 422.2800, TRUE, Score_Exceeded, Thu Jan 15 13:23:32 UTC 2026
811c5d7aeb0b76494d78efe61e418f574c310ec0, 220.1590, TRUE, Score_Exceeded, Thu Jan 15 13:24:09 UTC 2026
813327b231d4abbe2f5f9394b005680b1712f04b, 0.0900, FALSE, Pass, Thu Jan 15 13:24:45 UTC 2026
81440a333d88767b1c0e665cacc3fd8a435afcd8, 390.3020, TRUE, Score_Exceeded, Thu Jan 15 13:25:21 UTC 2026
81666a651089938c9dbd5783481d22f064d22291, 380.2070, TRUE, Score_Exceeded, Thu Jan 15 13:25:58 UTC 2026
820a4e45f1c46d8acbd07043b8992d5f69a872ec, 0, FALSE, NoSummary, Thu Jan 15 13:26:36 UTC 2026
82f00f5179720c8cee6cd650763d184ba943be92, 350.0540, TRUE, Score_Exceeded, Thu Jan 15 13:27:13 UTC 2026
84fd745d65013bfdfc6d5482ebfbb1a1b7d66e05, 70.0000, FALSE, Pass, Thu Jan 15 13:27:49 UTC 2026
852795959822b60cbed190e88f7821969bc35670, 1201.7450, TRUE, Score_Exceeded, Thu Jan 15 13:28:22 UTC 2026
85a239b363591a7f35f66eb8370cabead8545ffa, 60.0030, FALSE, Pass, Thu Jan 15 13:28:58 UTC 2026
85a834bfa2a31cd7c5754fe1611cf059657c0fb4, 10.3070, FALSE, Pass, Thu Jan 15 13:29:34 UTC 2026
85c31e0cff5d670ef4de3ce52c64dc9074f603b4, 0, FALSE, NoSummary, Thu Jan 15 13:30:10 UTC 2026
871c985919650b056d5d102b90e10917be92f5b9, 0, FALSE, NoSummary, Thu Jan 15 13:30:46 UTC 2026
87786342a525ddef1cee37fb156a328d6b2b28ec, 0.0180, FALSE, Pass, Thu Jan 15 13:31:21 UTC 2026
87eaf119cdcae9647556648a4b4260051ed39613, 0.1120, FALSE, Pass, Thu Jan 15 13:31:57 UTC 2026
880e147d52433b81388e5b476a7d5b3f018c8e8b, 0, FALSE, NoSummary, Thu Jan 15 13:32:33 UTC 2026
886b117031031154ecfa496fc687c16e801169a2, 0, FALSE, NoSummary, Thu Jan 15 13:33:12 UTC 2026
8876d264ac9ad132dbabf70e6d6ba8c88c583e87, 220.0410, TRUE, Score_Exceeded, Thu Jan 15 13:33:49 UTC 2026
88af96c7a2548013273d0be2bcb3690328e52a24, 130.1100, FALSE, Pass, Thu Jan 15 13:34:24 UTC 2026
89742a95dbd4e95f5112136e4bcff698195e205c, 0, FALSE, NoSummary, Thu Jan 15 13:35:01 UTC 2026
8a05f0092b0e291498b8fdb8dd93355467ceab25, 0, FALSE, NoSummary, Thu Jan 15 13:35:38 UTC 2026
8bb9a2895ee344ddea737f4df173c944b9a6cbf0, 0, FALSE, NoSummary, Thu Jan 15 13:36:15 UTC 2026
8cd62f82ca7a42755ea606e3bf8e28f244055152, 5194.3560, TRUE, Score_Exceeded, Thu Jan 15 13:36:51 UTC 2026
8d0156eb186e60a32be3f0210d79f7289fcc6e66, 50.0200, FALSE, Pass, Thu Jan 15 13:37:28 UTC 2026
8ec5da785b89ce61923145bcd86c20f15d895be7, 10.0100, FALSE, Pass, Thu Jan 15 13:38:04 UTC 2026
8eeece4ab3e80d2c648978ecaa3d5b10e8119117, 0, FALSE, NoSummary, Thu Jan 15 13:38:39 UTC 2026
9103ccc39843e16c456e459f2e64008e1cc33c1f, 0.2630, FALSE, Pass, Thu Jan 15 13:39:15 UTC 2026
9146ac050ba24c0e15246cc0271219614bd7ac54, 430.1390, TRUE, Score_Exceeded, Thu Jan 15 13:39:52 UTC 2026
915a9e4b937c2fc92bebc9c0a0552253f0f60fde, 0.1140, FALSE, Pass, Thu Jan 15 13:40:28 UTC 2026
93fb83b4cb5090b7b48f5466924237558685b811, 90.1310, FALSE, Pass, Thu Jan 15 13:41:05 UTC 2026
94b9072e44af0bae8cfe2de5cfa4af7b8e399759, 0, FALSE, NoSummary, Thu Jan 15 13:41:42 UTC 2026
95cbe879e54ab19d0120eac9fa10240759a129e1, 1071.5910, TRUE, Score_Exceeded, Thu Jan 15 13:42:18 UTC 2026
964f4a457633cecf98d9501d626d6b6b56a8475b, 0.3280, FALSE, Pass, Thu Jan 15 13:42:54 UTC 2026
967fb3c6e812ed3ff4259b499a4a8401fe37b0fd, 932.0970, TRUE, Score_Exceeded, Thu Jan 15 13:43:30 UTC 2026
9738ba9841e01ec3c7dde1618f295105b90f79c9, 0, FALSE, NoSummary, Thu Jan 15 13:44:05 UTC 2026
98881f755885271fe6a55b3479c5496674571b0e, 0, FALSE, NoSummary, Thu Jan 15 13:44:41 UTC 2026
98a6e55d4e7eed5bb68480672a3358ee21b9dce8, 0, FALSE, NoSummary, Thu Jan 15 13:45:16 UTC 2026
9906daf5c9fdb836a5b3f04829c75701a4e90eb4, 0.0030, FALSE, Pass, Thu Jan 15 13:45:53 UTC 2026
99c40ab53dc3f246b868ba10c373ab63b782c79e, 190.0290, TRUE, High_Count_Exceeded, Thu Jan 15 13:46:29 UTC 2026
99c468c38c597400f84df2128153e3abebe5e9f0, 30.0710, FALSE, Pass, Thu Jan 15 13:47:05 UTC 2026
99d09c824cee0e6bea3f967c04c8d5a4db2799d4, 0, FALSE, NoSummary, Thu Jan 15 13:47:42 UTC 2026
9a2c6ba4e7be4121044a1ef048e953333535caf5, 0.0110, FALSE, Pass, Thu Jan 15 13:48:18 UTC 2026
9a7d3118551d505d7e86ed9d9f38f56429320f53, 0, FALSE, NoSummary, Thu Jan 15 13:48:56 UTC 2026
9a89e32a957ecdc09c25dccb808d13143ac6cd93, 0.7180, FALSE, Pass, Thu Jan 15 13:49:34 UTC 2026
9c065c417d5cd7a1b35310d8c7760eeb119be1c0, 0, FALSE, NoSummary, Thu Jan 15 13:50:10 UTC 2026
9d0158bf89265daa96e1711478102147117f6b14, 0.0730, FALSE, Pass, Thu Jan 15 13:50:45 UTC 2026
9efc6ad6a63198e6f6af3c5e9fabc3a7ffc6fe4b, 0.0930, FALSE, Pass, Thu Jan 15 13:51:21 UTC 2026
9ffc35c98e4629faa0faa4f17a9196da7b4ef9c7, 160.0230, TRUE, High_Count_Exceeded, Thu Jan 15 13:51:58 UTC 2026
a03b6e29a96a724341a387abfa60cb39948a9525, 0, FALSE, NoSummary, Thu Jan 15 13:52:33 UTC 2026
a25b15392c3f50909ab2dafbcbdb3794ada29620, 1143.6790, TRUE, Score_Exceeded, Thu Jan 15 13:53:09 UTC 2026
a31b516e255cbee7cf1eea147f20de96469aa9f9, 0.0350, FALSE, Pass, Thu Jan 15 13:53:46 UTC 2026
a33197858320fd980faeab2ae721144d9b5afa4b, 0, FALSE, NoSummary, Thu Jan 15 13:54:20 UTC 2026
a38c29b6c861ee59637acdb1618f8f84645061d5, 571.7800, TRUE, Score_Exceeded, Thu Jan 15 13:54:56 UTC 2026
a50bbcb6566f76da3da32c18afd66cb674bbbc83, 0, FALSE, NoSummary, Thu Jan 15 13:55:32 UTC 2026
a7abc2f067f9ad124124b5a80cc106fc24c60a85, 0.1750, FALSE, Pass, Thu Jan 15 13:56:08 UTC 2026
a7afd1d2b2b0b9b64c44fd950d57e49ad8823bde, 161.0270, TRUE, High_Count_Exceeded, Thu Jan 15 13:56:43 UTC 2026
a84cc20aef9e334d2d0dd6727a6ed2ddaa48b532, 30.1210, FALSE, Pass, Thu Jan 15 13:57:20 UTC 2026
a8e745117f3648cc813d18f5a8cf1218ec83cb5d, 380.1460, TRUE, Score_Exceeded, Thu Jan 15 13:57:56 UTC 2026
a9267137ee5cbd0908d3844e9d57284e93d85b72, 0.0360, FALSE, Pass, Thu Jan 15 13:58:31 UTC 2026
ac03e3721dd3b1c163fe374e7d654ff82af494ab, 0, FALSE, NoSummary, Thu Jan 15 13:59:08 UTC 2026
acd960522315583844669f37dd059f21bd5faaae, 0, FALSE, NoSummary, Thu Jan 15 13:59:45 UTC 2026
ad127303338f21a29ba7f11b51f076edc29655d3, 1581.3850, TRUE, Score_Exceeded, Thu Jan 15 14:00:21 UTC 2026
ad28d222edcef9d4496fd7a94656013f07dd08e5, 1.2070, FALSE, Pass, Thu Jan 15 14:00:56 UTC 2026
ad9277238f8026e21733b460ce15c5195e1828ca, 0, FALSE, NoSummary, Thu Jan 15 14:01:34 UTC 2026
adbb534f034f94453c619b106029500823f34cf6, 0, FALSE, NoSummary, Thu Jan 15 14:02:09 UTC 2026
ae6df30eb13bea2f15a5f39a78bf311c41d47322, 140.0400, FALSE, Pass, Thu Jan 15 14:02:46 UTC 2026
aeada20140570643cda084d374056469a5c27bf2, 0.0410, FALSE, Pass, Thu Jan 15 14:03:22 UTC 2026
af7ceeb76587b79fe33d3d8660b4128a34b6093d, 290.6160, TRUE, Score_Exceeded, Thu Jan 15 14:03:59 UTC 2026
b07174afc2aa8519dae68ac89eb66b8104f918e5, 0.3760, FALSE, Pass, Thu Jan 15 14:04:34 UTC 2026
b10e19e3d614981ed881a0116622a114b04341c8, 160.0300, TRUE, High_Count_Exceeded, Thu Jan 15 14:05:11 UTC 2026
b351a04b1ef5aa409b0fbe2b31fcadca07421400, 0, FALSE, NoSummary, Thu Jan 15 14:05:47 UTC 2026
b3aaa0a1362d229ba1ecd44629655f76c77304ec, 190.0330, TRUE, High_Count_Exceeded, Thu Jan 15 14:06:21 UTC 2026
b699e8bfe00e34b0faf4caa5109e8dd435c6d906, 0, FALSE, NoSummary, Thu Jan 15 14:06:58 UTC 2026
b71a610f5cad58763166d0c417e0090270ad78ae, 0, FALSE, NoSummary, Thu Jan 15 14:07:34 UTC 2026
b94b714f81f54a28996b0c3724d8346dc8c868b5, 0.0050, FALSE, Pass, Thu Jan 15 14:08:11 UTC 2026
bad33f8738b4be5f58c4439a0c78312e4afbe432, 0.1010, FALSE, Pass, Thu Jan 15 14:08:48 UTC 2026
baf5699d77e8573ccf5a2be17ee1dad9f4afe44f, 0, FALSE, NoSummary, Thu Jan 15 14:09:23 UTC 2026
bb2b6e29273c3dd2bf5f09ff625b33df1d5536b2, 420.5000, TRUE, Score_Exceeded, Thu Jan 15 14:09:59 UTC 2026
bcae770819fb091275a04c01f5fcd139845cdf62, 170.1980, TRUE, High_Count_Exceeded, Thu Jan 15 14:10:37 UTC 2026
bef5715374a2fe9700b690f152f314d15aa6eacd, 0, FALSE, NoSummary, Thu Jan 15 14:11:13 UTC 2026
bf643a63c8482aa00aa6792c2383f7a0499edc1f, 0.0190, FALSE, Pass, Thu Jan 15 14:11:49 UTC 2026
bf802b076490900bdfdc432ba94b5c7abc0af01c, 0, FALSE, NoSummary, Thu Jan 15 14:12:25 UTC 2026
bfcaa7db0a70f81c062e2ff6dee1b23baf1cbf53, 0.0020, FALSE, Pass, Thu Jan 15 14:13:02 UTC 2026
c1041c2c0d7b66e4d11104e64f6c81a34ca3a2f8, 910.1700, TRUE, Score_Exceeded, Thu Jan 15 14:13:38 UTC 2026
c115c5230e629c55c3886dccbfd8280f06931a2a, 0.6340, FALSE, Pass, Thu Jan 15 14:14:14 UTC 2026
c1d2ac2a733b87458697ff85d3ca396a28a0d56a, 280.0100, TRUE, Score_Exceeded, Thu Jan 15 14:14:50 UTC 2026
c33c91dbcea21d895bcda7ca5756c24f86664b22, 280.2440, TRUE, Score_Exceeded, Thu Jan 15 14:15:26 UTC 2026
c3f8b542eecec1a52de88f402e310687c36d03e9, 0.0040, FALSE, Pass, Thu Jan 15 14:16:02 UTC 2026
c452e414a800372a33aa2a112d563cea560600f5, 991.1530, TRUE, Score_Exceeded, Thu Jan 15 14:16:38 UTC 2026
c5273cae189f84197cea887419c67eeafce1fb58, 0.0700, FALSE, Pass, Thu Jan 15 14:17:14 UTC 2026
c6ceea9a23be56c20aa7928e747504ec89c954c1, 0, FALSE, NoSummary, Thu Jan 15 14:17:50 UTC 2026
c77b8f45e9bb6912ee605550674ae7f8fc1a1fae, 0, FALSE, NoSummary, Thu Jan 15 14:18:27 UTC 2026
c854873746e9515f322d805f863e839ebfcefd62, 0.2120, FALSE, Pass, Thu Jan 15 14:19:02 UTC 2026
c85a9b7896b9727709b71fed414bf8a117436d71, 20.0000, FALSE, Pass, Thu Jan 15 14:19:39 UTC 2026
ca1f67af80434f831e8aa0eaaf8a6573bcb31bcb, 0.3200, FALSE, Pass, Thu Jan 15 14:20:14 UTC 2026
ca4ed48db662cbd568df4775003faabf7491043b, 6181.0450, TRUE, Score_Exceeded, Thu Jan 15 14:20:50 UTC 2026
ca5cac998e75e52b73ad2794042b9165f4833020, 0, FALSE, NoSummary, Thu Jan 15 14:21:28 UTC 2026
cc9fbd270e6a845289aee475d84b2a2711e8d6aa, 30.0000, FALSE, Pass, Thu Jan 15 14:22:05 UTC 2026
ce121b92619d87284b5bc654f86605cb802f0b8e, 895.1700, TRUE, Score_Exceeded, Thu Jan 15 14:22:42 UTC 2026
ce47834309ec8fd74cbeaf676313005ee440faa5, 0, FALSE, NoSummary, Thu Jan 15 14:23:18 UTC 2026
d0640029dcf8d9157b9ac78ca0b99fb48f97e380, 361.1270, TRUE, Score_Exceeded, Thu Jan 15 14:23:55 UTC 2026
d092d64d7a2cbbfb3235ab9e1e5b08407f2898b8, 280.5400, TRUE, Score_Exceeded, Thu Jan 15 14:24:31 UTC 2026
d0c64d78d46a56cc3c83f4681f6bd0a451634208, 0.0300, FALSE, Pass, Thu Jan 15 14:25:07 UTC 2026
d265a614384c9b6e5c92d674a2f8a04b3a67b822, 220.2620, TRUE, Score_Exceeded, Thu Jan 15 14:25:42 UTC 2026
d39548c8549b8404febe814d63dc8371769c4063, 0, FALSE, NoSummary, Thu Jan 15 14:26:19 UTC 2026
d3d94ccf2e97c4ca5279fcbce65d94d39e535108, 240.2960, TRUE, Score_Exceeded, Thu Jan 15 14:26:56 UTC 2026
d8a21c5767b29d53e72c4f52c00c6bd15d8648ec, 991.0160, TRUE, Score_Exceeded, Thu Jan 15 14:27:32 UTC 2026
da727ad445a640950baa097124070468a0316cc9, 10.0270, FALSE, Pass, Thu Jan 15 14:28:09 UTC 2026
dcf02298110fabb3c8f0c73c096adfafb64d9134, 160.1160, TRUE, High_Count_Exceeded, Thu Jan 15 14:28:46 UTC 2026
dd92dd8fb5c2cc5c9815b720128b3015382b8da4, 0, FALSE, NoSummary, Thu Jan 15 14:29:23 UTC 2026
de7f2f87f74c95857ae91ee77be5a6cda18d2dea, 130.0800, FALSE, Pass, Thu Jan 15 14:29:58 UTC 2026
ded8d993b7eb8e7fbf165da4fcba7f22a44ea95d, 0.3790, FALSE, Pass, Thu Jan 15 14:30:34 UTC 2026
df75153d79a83e53d71c9cd08e5863b73fe97914, 0, FALSE, NoSummary, Thu Jan 15 14:31:09 UTC 2026
e04d41d78dcdc4f2b332cdcf168521257ab0024e, 190.4580, TRUE, High_Count_Exceeded, Thu Jan 15 14:31:47 UTC 2026
e12f2decc1cf7742878d516d89d38af178119b17, 140.0700, FALSE, Pass, Thu Jan 15 14:32:24 UTC 2026
e18a173a810725723468eb8e877a970001a250d4, 490.1160, TRUE, Score_Exceeded, Thu Jan 15 14:33:00 UTC 2026
e26ea35cd4b683dd4bd43ef0569086f36ee65914, 812.1650, TRUE, Score_Exceeded, Thu Jan 15 14:33:37 UTC 2026
e2918705c8ad9e7c7d60ff111ea1e93d79c5aa06, 0, FALSE, NoSummary, Thu Jan 15 14:34:15 UTC 2026
e2b7932b347d475dbbd7b6cc45008a8666015b6c, 170.9470, TRUE, High_Count_Exceeded, Thu Jan 15 14:34:52 UTC 2026
e3550f01dde29d5d1eaa37dbb4533692c5680f06, 0, FALSE, NoSummary, Thu Jan 15 14:35:30 UTC 2026
e6423b7a7e64af3d6622d8078415d81aace13074, 0.2800, FALSE, Pass, Thu Jan 15 14:36:07 UTC 2026
e64d91c37105bc2e23816b6f81b9ffc5e5d99801, 0.2920, FALSE, Pass, Thu Jan 15 14:36:44 UTC 2026
e74550dd10bcfe2cd51ebd8138c65142e2561093, 0, FALSE, NoSummary, Thu Jan 15 14:37:21 UTC 2026
e750c619b254576e88c5f3aeff73eca6b39a64de, 0, FALSE, NoSummary, Thu Jan 15 14:37:59 UTC 2026
e92363e248019b8bf3fc7dd8ce84f648b6b13473, 0.0800, FALSE, Pass, Thu Jan 15 14:38:34 UTC 2026
e95a5d483133366be4180792fae75f64601826b8, 360.1240, TRUE, Score_Exceeded, Thu Jan 15 14:39:12 UTC 2026
e9c795e777591a96a5e7b0d28fbda64325b27a0c, 30.0000, FALSE, Pass, Thu Jan 15 14:39:47 UTC 2026
e9cbfccec6eae8722a36d6946f2b71451652a862, 0, FALSE, NoSummary, Thu Jan 15 14:40:23 UTC 2026
ea05c6ac47e13ecd325f3e54f98f92c97995c891, 0.0500, FALSE, Pass, Thu Jan 15 14:40:57 UTC 2026
ea3e8b79a1b4fa34ec0a588929469eeb990a35c3, 2.2610, FALSE, Pass, Thu Jan 15 14:41:35 UTC 2026
ecc31bc6973830c8aa9747471943f1bdd46f3257, 0, FALSE, NoSummary, Thu Jan 15 14:42:13 UTC 2026
ed10f737b8e71014fef01af1ccaca61d01f153a1, 271.0120, TRUE, Score_Exceeded, Thu Jan 15 14:42:50 UTC 2026
ef3a5f58a831ae5144e8bab48b09b079ee306ae9, 0.0210, FALSE, Pass, Thu Jan 15 14:43:28 UTC 2026
efcfffc528d916fd4e021620a9cab19f8cb84f83, 0, FALSE, NoSummary, Thu Jan 15 14:44:04 UTC 2026
f01fdc3960f51c1bc7f0d52afff8b0b3f9865c8b, 0.0080, FALSE, Pass, Thu Jan 15 14:44:42 UTC 2026
f0389f282394cca3b646f7dc45043dac9ffe83f7, 0, FALSE, NoSummary, Thu Jan 15 14:45:21 UTC 2026
f17381a38d78f75e228d00972115b31d9a1d0b2e, 10.0000, FALSE, Pass, Thu Jan 15 14:45:58 UTC 2026
f1b02129173dd676feca0131dcde92d5b374dacf, 0, FALSE, NoSummary, Thu Jan 15 14:46:34 UTC 2026
f20774eced7eba5dfb9cf9b76ed5d6aa3950177c, 200.0300, TRUE, Score_Exceeded, Thu Jan 15 14:47:12 UTC 2026
f2f85ba354f8f335cc2b0e34231395ff6fc3d5df, 160.0650, TRUE, High_Count_Exceeded, Thu Jan 15 14:47:49 UTC 2026
f34f2ade85359770bb708ddc23503d95db93ccfc, 140.0400, FALSE, Pass, Thu Jan 15 14:48:27 UTC 2026
f36b5a85867eaf06a73c3432077f2a79a3875265, 0.0210, FALSE, Pass, Thu Jan 15 14:49:04 UTC 2026
f39e51178eca676ca980375b6d9127a040cd8152, 0, FALSE, NoSummary, Thu Jan 15 14:49:39 UTC 2026
f4481e657f905074fa515701af3f695757817d88, 0.0100, FALSE, Pass, Thu Jan 15 14:50:16 UTC 2026
f469dd8ca6f8aa9831bbdf822a0f16f3870afb8d, 340.1680, TRUE, Score_Exceeded, Thu Jan 15 14:50:55 UTC 2026
f6785df663928d6614030e93aaeafa4a3b24ae3f, 430.5940, TRUE, Score_Exceeded, Thu Jan 15 14:51:33 UTC 2026
f6f11f3ef1251b87f2ed330b93564a98317a097a, 0, FALSE, NoSummary, Thu Jan 15 14:52:09 UTC 2026
f7b1d0287d62ec9fac72bf14cf789e350d14e52b, 0.2910, FALSE, Pass, Thu Jan 15 14:52:46 UTC 2026
f81c3fd89ed998f211e60e76b8f55a2df27000fe, 0.2650, FALSE, Pass, Thu Jan 15 14:53:23 UTC 2026
f95031c4733078788063de775c968b6dc85522c0, 0, FALSE, NoSummary, Thu Jan 15 14:53:58 UTC 2026
f9a0eb60f7bde2c2ef561afa36c1004bf7f41b93, 0, FALSE, NoSummary, Thu Jan 15 14:54:34 UTC 2026
f9cc25c1dde7da159819380d8397aef25797409b, 20.2510, FALSE, Pass, Thu Jan 15 14:55:11 UTC 2026
fa46aa4d85444c32de909dacfdf47c153537bd70, 0, FALSE, NoSummary, Thu Jan 15 14:55:48 UTC 2026
fa751f9bef390a0e6de3687f61204d7a2df73d96, 0.0150, FALSE, Pass, Thu Jan 15 14:56:25 UTC 2026
fb8755a636ed6457005ce9bd0ab2cc95ac40ca34, 140.0400, FALSE, Pass, Thu Jan 15 14:57:01 UTC 2026
fc3a68d8fb6c8f87485dd670f7af81feadd66635, 0, FALSE, NoSummary, Thu Jan 15 14:57:37 UTC 2026
fdeb97629ef8964a5d9040328ee63734884ac874, 8042.0470, TRUE, Score_Exceeded, Thu Jan 15 14:58:13 UTC 2026
ffbdf2f6f37e2d5c0d1dcc6db16b63faacffd705, 0, FALSE, NoSummary, Thu Jan 15 14:58:49 UTC 2026
ffff7fea7cd98e1573db000c51f4d80af89c453c, 0.6790, FALSE, Pass, Thu Jan 15 14:59:26 UTC 2026
7b9e96069048dda85ee460fc084dbf6c4281bd53, 11941.1040, TRUE, Score_Exceeded, Thu Jan 22 08:24:43 UTC 2026
e4ddc344635315a494b8a05a5af1c799c44a8f9a, 1.5870, FALSE, Pass, Thu Jan 22 08:31:34 UTC 2026
4d9b4d6e51971f7c50f11a1ae72db7b8849ef185, 0.3130, FALSE, Pass, Wed Jun 10 11:10:44 UTC 2026
e1789e43687108a41cfa8e77d09138e2a296fb89, 8826.3350, TRUE, Score_Exceeded, Wed Jun 10 11:11:19 UTC 2026
65e164caffa507dc1723c577206eda2009e2b07b, 0.0390, FALSE, Pass, Wed Jun 10 11:11:51 UTC 2026
d5f7672b7707dcd6b8f8a6dda0b2abf396280b27, 121.9020, FALSE, Pass, Wed Jun 10 11:12:25 UTC 2026
a0b22576b8b1d8c0b4eb5aa5cf8b3346f6691196, 0, FALSE, NoSummary, Wed Jun 10 11:13:00 UTC 2026
6995d8ac174d9d5d9cdb55cdd69f424cb2e5dc7b, 0, FALSE, NoSummary, Wed Jun 10 11:13:35 UTC 2026
232f2fb0777384a1c5fdaf23b861fd75f8f5a420, 0, FALSE, NoSummary, Wed Jun 10 11:14:08 UTC 2026
ae0bb6e82ac7d4f453eddbe4e1b28fc437801fda, 0, FALSE, NoSummary, Wed Jun 10 11:14:42 UTC 2026
3b19c7919b23cf07c9fd6f84b8be937257211371, 0, FALSE, NoSummary, Wed Jun 10 11:15:15 UTC 2026
090f6252c4e1a17528124b6c6b69f352fb68176f, 0, FALSE, NoSummary, Wed Jun 10 11:15:48 UTC 2026
5d0d64b062c160093dc287ed5d18ec7c807873cf, 392.5190, TRUE, Score_Exceeded, Wed Jun 10 11:16:20 UTC 2026
51ad2f8d003504a0523a050e7142a44639d8c6ce, 1041.2270, TRUE, Score_Exceeded, Wed Jun 10 11:16:53 UTC 2026
9a9aa921bcd2e65e5619600961b0447c864833b3, 110.1270, FALSE, Pass, Wed Jun 10 11:17:27 UTC 2026
391e3452ca900a6a158a0f08758041457b70faa6, 0.4360, FALSE, Pass, Wed Jun 10 11:18:02 UTC 2026
8dfb823c5129525e5e56e006d619026f678387bd, 9143.2040, TRUE, Score_Exceeded, Wed Jun 10 11:18:36 UTC 2026
871d4c4004bdf7383a6c172efdf9ea48188e0f76, 0, FALSE, NoSummary, Wed Jun 10 11:19:09 UTC 2026
8bd50a3b3584819b8b7bd94eb0a62eba12d2979a, 0.6290, FALSE, Pass, Wed Jun 10 11:19:42 UTC 2026
ba88a7fbb6ec7cb7aeda61e1981146e1a21dee43, 0.0240, FALSE, Pass, Wed Jun 10 11:20:15 UTC 2026
d592cb74093511f088ec10b0672bccacec41aa58, 0, FALSE, NoSummary, Wed Jun 10 11:20:48 UTC 2026
99d30654e8b934d402875bcea3bef94ac8aaf37e, 270.6910, TRUE, Score_Exceeded, Wed Jun 10 11:21:22 UTC 2026
645858d518e427b507d8d859ae6d81f3fe993f90, 0, FALSE, NoSummary, Wed Jun 10 11:21:55 UTC 2026
7998a2a05f011fa2898be47ec44d24163988e526, 80.2240, FALSE, Pass, Wed Jun 10 11:22:29 UTC 2026
35e15962b5912d9321b3d39af776ecaef4ac4e2d, 0.3400, FALSE, Pass, Wed Jun 10 11:23:01 UTC 2026
c37a782153e99b88917ffa609ddf0887a8a3e544, 0, FALSE, NoSummary, Wed Jun 10 11:23:35 UTC 2026
47505c353305bfc25069001e75f54c5628bbcf62, 0, FALSE, NoSummary, Wed Jun 10 11:24:07 UTC 2026
26683565958f352e1afd86a7f247457db0d6578c, 0, FALSE, NoSummary, Wed Jun 10 11:24:40 UTC 2026
11954d925e41c3ca958a0fb1e1395f26d11625cc, 0.0020, FALSE, Pass, Wed Jun 10 11:25:14 UTC 2026
14578b3b8b80e8d6f03c34c972cf1eb4e2dd31fa, 0, FALSE, NoSummary, Wed Jun 10 11:25:47 UTC 2026
a3f1d09a7dea6c0fa1b8fca5f68c4f486ebbbb98, 0, FALSE, NoSummary, Wed Jun 10 11:26:21 UTC 2026
57a5f51f2641736e607586d321e455b6ba6a87c2, 0, FALSE, NoSummary, Wed Jun 10 11:26:53 UTC 2026
97d7d2f865d801f26c460a87f488733c75be75e3, 0, FALSE, NoSummary, Wed Jun 10 11:27:26 UTC 2026
ac0bef15b5867b5bfa0039176649f14b9c95d1b0, 1.0590, FALSE, Pass, Wed Jun 10 11:27:59 UTC 2026
a46624e10e5b866d4154fb9bcc3fc7b45dd1aef8, 270.1360, TRUE, Score_Exceeded, Wed Jun 10 11:28:33 UTC 2026
6a436b6f723f9b089d0a8bf64ab0da5f37524847, 270.0990, TRUE, Score_Exceeded, Wed Jun 10 11:29:08 UTC 2026
30d5f056372c914a50ca9975144016398e33657f, 93.5020, FALSE, Pass, Wed Jun 10 11:29:40 UTC 2026
98335e1237d082dee4176ac583e1d0df1a2f1eb6, 0, FALSE, NoSummary, Wed Jun 10 11:30:13 UTC 2026
191afb8903afd93149be99d436f00b574bd16798, 0.0100, FALSE, Pass, Wed Jun 10 11:30:46 UTC 2026
538713e622ad400defa383c3b2c3ec032828e06b, 0, FALSE, NoSummary, Wed Jun 10 11:31:20 UTC 2026
8148e4116e984471c9934550bf557050fac226d4, 0, FALSE, NoSummary, Wed Jun 10 11:31:52 UTC 2026
3cdb8c6046ab8d661827239551554e4e27e3c179, 1130.8360, TRUE, Score_Exceeded, Wed Jun 10 11:32:25 UTC 2026
fd4b5cb3fab63dae77ef62f0bea024a273819975, 0.3170, FALSE, Pass, Wed Jun 10 11:32:58 UTC 2026
5582a41bb647e71231a7c3a1b4bc35b16ed902b6, 0, FALSE, NoSummary, Wed Jun 10 11:33:33 UTC 2026
ec31156b589a7a51c5a6fab800a34c5819e51cc9, 0.0610, FALSE, Pass, Wed Jun 10 11:34:06 UTC 2026
eafc365040014d587df45d57467de3f86363111e, 0, FALSE, NoSummary, Wed Jun 10 11:34:39 UTC 2026
96a0cfdea27fa28f93b8071ec1b3c6ef8b315298, 0, FALSE, NoSummary, Wed Jun 10 11:35:12 UTC 2026
90fa80f372e42e140213aa01b5db777fde236754, 0, FALSE, NoSummary, Wed Jun 10 11:35:45 UTC 2026
b33a405bf16cfa147f1736a6a3cd64c2fd2b3f7d, 0, FALSE, NoSummary, Wed Jun 10 11:36:19 UTC 2026
c9be4fbd72257fee347a89e5092212c9aad85432, 0.0440, FALSE, Pass, Wed Jun 10 11:36:53 UTC 2026
d3a0d95dabe05a9473454b28b3a4fbcf32c16f9d, 0, FALSE, NoSummary, Wed Jun 10 11:37:26 UTC 2026
725c71b87a019ef48d8ad78ff756c413e8ebc9c4, 0, FALSE, NoSummary, Wed Jun 10 11:38:02 UTC 2026
41ecf7323ee96b50effcc8d0ae7d6f8a631a5f25, 0.6310, FALSE, Pass, Wed Jun 10 11:38:37 UTC 2026
abf93902a535341109c9504ab111879287daffda, 0, FALSE, NoSummary, Wed Jun 10 11:39:13 UTC 2026
a257b6b4ba9dc1c828258c922accab6fe74c60cd, 0.0100, FALSE, Pass, Wed Jun 10 11:39:50 UTC 2026
a51918209cbfcb0a3c5f58a0d6d51115c14a56dd, 0, FALSE, NoSummary, Wed Jun 10 11:40:23 UTC 2026
8468ded6679b2109ff926e5302d8db40ed42b4ee, 130.0400, FALSE, Pass, Wed Jun 10 11:40:58 UTC 2026
9f99dd5f6d96c9914e7effafd625eb90181f6a53, 0.0100, FALSE, Pass, Wed Jun 10 11:41:34 UTC 2026
bd3c1e1bd7049a879c2a3902aaca8745f18c044f, 0, FALSE, NoSummary, Wed Jun 10 11:42:08 UTC 2026
2c66059cde27c3329907351b1df300b0c9679a3f, 0, FALSE, NoSummary, Wed Jun 10 11:42:44 UTC 2026
d7e0d03b114450dca1990f1dc9dce704f11033ea, 0, FALSE, NoSummary, Wed Jun 10 11:43:21 UTC 2026
14dd59ab12836f71e7543cc82503db7d151572fe, 0, FALSE, NoSummary, Wed Jun 10 11:43:53 UTC 2026
de16bee70a7533119f45c8f7b62a36861f1b2193, 0.0900, FALSE, Pass, Wed Jun 10 11:44:28 UTC 2026
f5e046a730c7607579e414449d5bcb29c9771c86, 0, FALSE, NoSummary, Wed Jun 10 11:45:06 UTC 2026
2bfffe85e9e8fc2eb5a107f86d40f4bb7830382b, 0.0600, FALSE, Pass, Wed Jun 10 11:45:47 UTC 2026
e3b9397dfe3e908d5576e7179a5a3d898501e7b8, 0, FALSE, NoSummary, Wed Jun 10 11:46:27 UTC 2026
c688537d497f1edb70a0b52a9e9d7581de383baa, 0.1810, FALSE, Pass, Wed Jun 10 11:47:07 UTC 2026
870b6bd487ec4623af458d0a660b2854dee29d5a, 240.3140, TRUE, Score_Exceeded, Wed Jun 10 11:47:48 UTC 2026
09f8a2f37401347e860508df83189e94de1be6ce, 170.2600, TRUE, High_Count_Exceeded, Wed Jun 10 11:48:26 UTC 2026
04589f90d714c6a9594bb4026811bd7b3c1e0de0, 901.8820, TRUE, Score_Exceeded, Wed Jun 10 11:49:07 UTC 2026
8afb72a3263fbea0e229377e5450403f144e4d71, 250.0200, TRUE, Score_Exceeded, Wed Jun 10 11:49:46 UTC 2026
0aeb86d78d79810764af255721600a5cf13799f9, 0.5810, FALSE, Pass, Wed Jun 10 11:50:26 UTC 2026
17eb33e0c3528d7f86462e4220853dfc0ad02022, 0, FALSE, NoSummary, Wed Jun 10 11:51:05 UTC 2026
fd5c325886ca1308bb0a0813e054a880fe403120, 0.8820, FALSE, Pass, Wed Jun 10 11:51:42 UTC 2026
a0347734979e6a9288165c79b001aeee6c14a8ff, 0, FALSE, NoSummary, Wed Jun 10 11:52:23 UTC 2026
f35ad82314e938bf2e19917edb9aef3522f43103, 0, FALSE, NoSummary, Wed Jun 10 11:53:02 UTC 2026
a8850a8d3026e4eff3c9bc10748b504dad71b69c, 0, FALSE, NoSummary, Wed Jun 10 11:53:42 UTC 2026
192799539f798837b06ed540e3938b41ea5015d8, 0.0100, FALSE, Pass, Wed Jun 10 11:54:24 UTC 2026
294492dbf2682e92e26c1c4f86ea326b391e83b9, 0, FALSE, NoSummary, Wed Jun 10 11:55:02 UTC 2026
f7353db7ebbcacec876c34d881b82164a32d88aa, 0, FALSE, NoSummary, Wed Jun 10 11:55:43 UTC 2026
855ec46a6aaec7fe1360890a5aa24d60c7a20bde, 0.0200, FALSE, Pass, Wed Jun 10 11:56:21 UTC 2026
c88f9fe26f1c391e3b9637094d5c0f40840bf480, 0, FALSE, NoSummary, Wed Jun 10 11:57:01 UTC 2026
c2694fb696959fbad42e4ed711ff8a23e2bb0dbf, 0, FALSE, NoSummary, Wed Jun 10 11:57:39 UTC 2026
49455c43ae2eb5d460dd68b141d11a31c929e603, 0, FALSE, NoSummary, Wed Jun 10 11:58:20 UTC 2026
de4e92ac39b8d405fe40ebedcf14442881fd1be4, 270.2710, TRUE, Score_Exceeded, Wed Jun 10 11:58:59 UTC 2026
0f6e3a827356fd0c1d3b71f487ea9ce21eee0b51, 0, FALSE, NoSummary, Wed Jun 10 11:59:33 UTC 2026
98be450f1dd6c586fd83f1f9b5bec6484e188721, 0, FALSE, NoSummary, Wed Jun 10 12:00:06 UTC 2026
f164012c191e711f4819f66611fccffe59391aa6, 0, FALSE, NoSummary, Wed Jun 10 12:00:47 UTC 2026
83c0348553248fde3283a85dc9b036197a06e66a, 0, FALSE, NoSummary, Wed Jun 10 12:01:22 UTC 2026
b9361ad5fe7dabe80a37af457effb8c4009829b1, 0, FALSE, NoSummary, Wed Jun 10 12:02:03 UTC 2026
7a40fd630dd85711d6156d9be6f5dd2c10509f20, 0, FALSE, NoSummary, Wed Jun 10 12:02:41 UTC 2026
d9134f8f9592a344592a9c6f1fa801e089dd2f98, 0, FALSE, NoSummary, Wed Jun 10 12:03:21 UTC 2026
1583d60cd62954338ca90f16f4d13afd96fcbf07, 0, FALSE, NoSummary, Wed Jun 10 12:03:59 UTC 2026
87124a38b65e8f7c867e4dcb1f471355d50f7f74, 0.2500, FALSE, Pass, Wed Jun 10 12:04:39 UTC 2026
662cb2fe75d747734d3ca4bfd062044315fb9dc9, 0.0180, FALSE, Pass, Wed Jun 10 12:05:18 UTC 2026
7f5f5882322d19ebba3ccbf933e1252c03116d55, 321.0520, TRUE, Score_Exceeded, Wed Jun 10 12:05:58 UTC 2026
57807cd33806116d2d65c2e037ffa35cdadfd801, 60.0390, FALSE, Pass, Wed Jun 10 12:06:36 UTC 2026
e2608478b6a46998bb3196b9b3ef4a24cbbae8a7, 582.2800, TRUE, Score_Exceeded, Wed Jun 10 12:07:13 UTC 2026
6c202f495c6057fb571da1e3ab133773f4851e9d, 0, FALSE, NoSummary, Wed Jun 10 12:07:53 UTC 2026
c5f91abaf70c4af035ec4cce13db86e3a584c28f, 0, FALSE, NoSummary, Wed Jun 10 12:08:29 UTC 2026
b045fe4e174eb90e110d0cb1c34e0fdc61ed9cbf, 40.0000, FALSE, Pass, Wed Jun 10 12:09:09 UTC 2026
66df58f9616618fb519d6d74b7b643442051d43e, 80.0100, FALSE, Pass, Wed Jun 10 12:09:49 UTC 2026
725cd268e652cd3c9f0047c3cfe23a911e565d8a, 281.2090, TRUE, Score_Exceeded, Wed Jun 10 12:10:28 UTC 2026
695126cccef67ddf4591da970b62b1efe175ac7c, 310.7510, TRUE, Score_Exceeded, Wed Jun 10 12:11:08 UTC 2026
032357ec0f138454e9878c305b4fca71aaad8088, 0.1720, FALSE, Pass, Wed Jun 10 12:11:45 UTC 2026
ee933d9e2b787223effd5afc815897121b1c6575, 0.4540, FALSE, Pass, Wed Jun 10 12:12:26 UTC 2026
3f06ddfb7b1877daca3f4a7289be1f1be5266182, 0.3180, FALSE, Pass, Wed Jun 10 12:13:03 UTC 2026
658424fc8367186181123b6f3a770786afcefc15, 0, FALSE, NoSummary, Wed Jun 10 12:13:42 UTC 2026
d7a448f9aebe9ac33997a433b06f14023bdd733a, 580.1680, TRUE, Score_Exceeded, Wed Jun 10 12:14:23 UTC 2026
1848809f669ea538eb283f496ad6d8d7983d503f, 210.1000, TRUE, Score_Exceeded, Wed Jun 10 12:15:02 UTC 2026
0200e8ada63ddff5d5a7413ff481bf8f1d5465ba, 1.1270, FALSE, Pass, Wed Jun 10 12:15:40 UTC 2026
985bf68f3475e691bc50b340055a497715d57ad3, 60.5140, FALSE, Pass, Wed Jun 10 12:16:20 UTC 2026
33f03f6fc8d9356d6fbab65fba9ce4e995d22511, 170.0500, TRUE, High_Count_Exceeded, Wed Jun 10 12:17:00 UTC 2026
f1d6542b1a38c45079b87264b35f054fc1f0e408, 0, FALSE, NoSummary, Wed Jun 10 12:17:39 UTC 2026
7939ba031de7bef64b1d6b3436b0179799061480, 180.9250, TRUE, High_Count_Exceeded, Wed Jun 10 12:18:20 UTC 2026
f364dcca2d8288dae95fffd3eba6f8b7ac6c01ee, 150.0640, TRUE, High_Count_Exceeded, Wed Jun 10 12:19:01 UTC 2026
557e0b1c07a70af329626ff8f9ad7baf4c6f6e02, 0, FALSE, NoSummary, Wed Jun 10 12:19:42 UTC 2026
b704179f158feef916cca9ba1907a1d0e817886c, 0, FALSE, NoSummary, Wed Jun 10 12:20:22 UTC 2026
752576ce4700465b304cbaff7749706e9d4c5a89, 0, FALSE, NoSummary, Wed Jun 10 12:21:02 UTC 2026
a5a3afd923f5899c34d1a73053e61d5e1c6a1c0c, 20.0810, FALSE, Pass, Wed Jun 10 12:21:41 UTC 2026
26dcec4812ecddcf4111ac031f57f544b0ca6987, 0.1540, FALSE, Pass, Wed Jun 10 12:22:20 UTC 2026
3e012c9260cff54c1e0b910b02e067138b8140c0, 0.8220, FALSE, Pass, Wed Jun 10 12:23:00 UTC 2026
951ec796548311e0a460136c8729e38409b5df89, 1891.9990, TRUE, Score_Exceeded, Wed Jun 10 12:23:41 UTC 2026
cb02bd190b64a683346111608b19e728477649f9, 0, FALSE, NoSummary, Wed Jun 10 12:24:21 UTC 2026
427c36888e1a0896dbbc830873ac6935a8019d41, 140.0000, FALSE, Pass, Wed Jun 10 12:24:59 UTC 2026
87b7c3ac1a661e7c23164659ce30dd1df29adf9d, 0.0290, FALSE, Pass, Wed Jun 10 12:25:39 UTC 2026
319bbcc1a780b836889a71b80313e039140b11d1, 0.0040, FALSE, Pass, Wed Jun 10 12:26:21 UTC 2026
2a189709e098139b3158575ee6cb6d7ff266ed45, 0.0300, FALSE, Pass, Wed Jun 10 12:27:03 UTC 2026
981aa5c12f60d5efd37cc1248a4c59834d552447, 0, FALSE, NoSummary, Wed Jun 10 12:27:39 UTC 2026
a0da8390a28a92e7068fef7a00ebc9b767e70500, 0.3200, FALSE, Pass, Wed Jun 10 12:28:15 UTC 2026
87d8e717087293073b676565b2cd3c0a094543bb, 1.2650, FALSE, Pass, Wed Jun 10 12:28:53 UTC 2026
057f039c4b762b3721c2aa2beb95838bd529313e, 0, FALSE, NoSummary, Wed Jun 10 12:29:33 UTC 2026
aa8e2d171232218364857ee8528f1af092b9e5b7, 0.0160, FALSE, Pass, Wed Jun 10 12:30:11 UTC 2026
366c6aff818a0f311e40f7f09d7f972b3c487e7c, 170.0200, TRUE, High_Count_Exceeded, Wed Jun 10 12:30:50 UTC 2026
1c646662e9d131a65118885b155430d15d8d4e1f, 0, FALSE, NoSummary, Wed Jun 10 12:31:27 UTC 2026
8ea8f4220c393d496aa948b5ebe288f384392899, 0, FALSE, NoSummary, Wed Jun 10 12:32:05 UTC 2026
7665bdc91aa6f98289eefdcbdb2def4467864b7a, 50.3500, FALSE, Pass, Wed Jun 10 12:32:42 UTC 2026
8144019a13434717e22c44657064b2ea91863372, 310.0310, TRUE, Score_Exceeded, Wed Jun 10 12:33:20 UTC 2026
dc57ee03b1c5b8f646718e362f3a809a7511ad36, 0.4440, FALSE, Pass, Wed Jun 10 12:33:58 UTC 2026
04f63d4af74cb5aa0d1e12e05fa8f7f92cb2ef94, 0.0520, FALSE, Pass, Wed Jun 10 12:34:37 UTC 2026
8e9f5146dd15eb8b934d4fe6c561639c034f78e8, 1110.1890, TRUE, Score_Exceeded, Wed Jun 10 12:35:17 UTC 2026
4a12291765c215d8ab9263f533cb9b9c8135729e, 0.0010, FALSE, Pass, Wed Jun 10 12:35:57 UTC 2026
08d714d0e5d59f1c1ca37cff1724849220fb6daf, 100.1640, FALSE, Pass, Wed Jun 10 12:36:37 UTC 2026
21aee83abdbfe8878d8b870b9783ce52ec8fe0f2, 0.0900, FALSE, Pass, Wed Jun 10 12:37:16 UTC 2026
dc0ee51cb19403607991b060b9f1c71c71548404, 401.5700, TRUE, Score_Exceeded, Wed Jun 10 12:37:55 UTC 2026
73a9b916c9f42f2e07b9338a975f9a473ad0cd9b, 2254.2770, TRUE, Score_Exceeded, Wed Jun 10 12:38:31 UTC 2026
4a95b3005a140165bbb9df373ba61f775c936554, 10.0200, FALSE, Pass, Wed Jun 10 12:39:08 UTC 2026
342ee426ad0d0731b2272553bd4db2cd78e24772, 0.0420, FALSE, Pass, Wed Jun 10 12:39:47 UTC 2026
5b8b58e472fc567337429f63e93927f86db7f838, 90.5340, FALSE, Pass, Wed Jun 10 12:40:26 UTC 2026
0f65806b5b0f21b96e9c688ce7d2d00062203a51, 0, FALSE, NoSummary, Wed Jun 10 12:41:07 UTC 2026
ee96a5a6f5161b57fcbbc23260e0f756258cb973, 0, FALSE, NoSummary, Wed Jun 10 12:41:46 UTC 2026
781ccc1beed4e89c28850c4d8bc5e3d53db437b1, 0, FALSE, NoSummary, Wed Jun 10 12:42:25 UTC 2026
dcd0b3d02013edb9102ce5ec125dbb7562e29bad, 0, FALSE, NoSummary, Wed Jun 10 12:43:02 UTC 2026
f86575f210a9fa450a2b1949786122ea6135046c, 420.0640, TRUE, Score_Exceeded, Wed Jun 10 12:43:41 UTC 2026
eb50eb20a5e54b48cd2bbc271340b825b355b6e7, 0, FALSE, NoSummary, Wed Jun 10 12:44:19 UTC 2026
701f06657d20ec42f0cf78de0ac9d7197e44c00c, 70.4810, FALSE, Pass, Wed Jun 10 12:45:00 UTC 2026
5b84dc967855eaecd90550584608145037d88ac6, 0.1720, FALSE, Pass, Wed Jun 10 12:45:37 UTC 2026
79fd2558284df54b65b839c2edb5dcb875a5e00c, 0.0570, FALSE, Pass, Wed Jun 10 12:46:16 UTC 2026
155634502d15adde8b55f1f6d1f93101f76986a7, 1803.0850, TRUE, Score_Exceeded, Wed Jun 10 12:46:56 UTC 2026
9ebf80a28c3ba12e9aedc7cee145637d1ed2ab5a, 0.2680, FALSE, Pass, Wed Jun 10 12:47:34 UTC 2026
05b99c8f4cca9a5439c54888cf275f8447cd3c31, 0, FALSE, NoSummary, Wed Jun 10 12:48:12 UTC 2026
a106198878f85b91de651dde74587768e81d4506, 0.6110, FALSE, Pass, Wed Jun 10 12:48:53 UTC 2026
db33b67d372c7d7b9977e9b1fef86730ac79ceb7, 0, FALSE, NoSummary, Wed Jun 10 12:49:33 UTC 2026
06b144aa097e968f579048800cd0e5c9336ea1c9, 350.4840, TRUE, Score_Exceeded, Wed Jun 10 12:50:12 UTC 2026
2af69a931ab45aad22204763bf93e1050629eede, 130.0100, FALSE, Pass, Wed Jun 10 12:50:49 UTC 2026
ddafac4c6cef358441ce0ddb9a46a3a0378478d1, 160.0620, TRUE, High_Count_Exceeded, Wed Jun 10 12:51:26 UTC 2026
59953d2df62b0e3c4996b8068836591e96349720, 284.7110, TRUE, Score_Exceeded, Wed Jun 10 12:52:06 UTC 2026
0dd057222bd8b156b113e925745d7b2bf9486056, 511.4020, TRUE, Score_Exceeded, Wed Jun 10 12:52:46 UTC 2026
c51c96656bf1f1801ae90a376f71890cbcdea4b4, 0.0120, FALSE, Pass, Wed Jun 10 12:53:27 UTC 2026
f8942f93a6b156f2b05cd40940b9a23feb68de0c, 272.1720, TRUE, Score_Exceeded, Wed Jun 10 12:54:06 UTC 2026
684077682e5826ab658da975c9536df1584b425f, 0.0870, FALSE, Pass, Wed Jun 10 12:54:45 UTC 2026
1f09a55ebae402f4031d12e2c7c06fb64fdd7ed1, 0, FALSE, NoSummary, Wed Jun 10 12:55:22 UTC 2026
08c2b276fbf8ecb13692449ef9c2cb43aa82ba8e, 200.5860, TRUE, Score_Exceeded, Wed Jun 10 12:56:01 UTC 2026
